{"target_mean": [24.22604751586914, 49.61284637451172, 30.619253158569336, 37.50274658203125, 102.23777770996094, 26.615951538085938, 172.2997283935547, 103.10993957519531, 78.38050079345703, 35.84720993041992, 65.08206939697266, 54.350364685058594, 90.32801818847656, 16.717618942260742], "target_std": [1.8630105257034302, 3.255204439163208, 4.028252124786377, 3.224858283996582, 11.3153715133667, 2.7109177112579346, 9.652300834655762, 9.978516578674316, 5.038376808166504, 2.696552038192749, 4.951793670654297, 5.534226894378662, 13.392378807067871, 1.4730204343795776], "measurement_columns": ["ankle", "arm-length", "bicep", "calf", "chest", "forearm", "height", "hip", "leg-length", "shoulder-breadth", "shoulder-to-crotch", "thigh", "waist", "wrist"]}